[
    {
      "name" : "Food",
      "images" : [
        {
            "src": "./images-js/tiling/tiling-2.jpg",
            "alt": "banana"
          },
          {
            "src": "./images-js/tiling/tiling-3.jpg",
            "alt": "lemons"
          },
          {
            "src": "./images-js/tiling/tiling-4.jpg",
            "alt": "cherries"
          },
          {
            "src": "./images-js/tiling/tiling-5.jpg",
            "alt": "orange"
          },
          {
            "src": "./images-js/tiling/tiling-6.jpg",
            "alt": "melon"
          },
          {
            "src": "./images-js/tiling/tiling-7.jpg",
            "alt": "avacado"
          },
          {
            "src": "./images-js/tiling/tiling-8.jpg",
            "alt": "blueberries"
        },

        {
          "src": "./images-js/tiling/tiling-9.jpg",
          "alt": "blueberries"
      },

      {
        "src": "./images-js/tiling/tiling-10.jpg",
        "alt": "blueberries"
    },

    {
      "src": "./images-js/tiling/tiling-11.jpg",
      "alt": "blueberries"
  },

  {
    "src": "./images-js/tiling/tiling-12.jpg",
    "alt": "blueberries"
},

{
  "src": "./images-js/tiling/tiling-13.jpg",
  "alt": "blueberries"
},

{
  "src": "./images-js/tiling/tiling-14.jpg",
  "alt": "blueberries"
},

{
  "src": "./images-js/tiling/tiling-15.jpg",
  "alt": "blueberries"
},

{
  "src": "./images-js/tiling/tiling-16.jpg",
  "alt": "blueberries"
},

{
  "src": "./images-js/tiling/tiling-17.jpg",
  "alt": "blueberries"
},

{
  "src": "./images-js/tiling/tiling-18.jpg",
  "alt": "blueberries"
},

{
  "src": "./images-js/tiling/tiling-19.jpg",
  "alt": "blueberries"
},

{
  "src": "./images-js/tiling/tiling-20.jpg",
  "alt": "blueberries"
},

{
  "src": "./images-js/tiling/tiling-21.jpg",
  "alt": "blueberries"
},

{
  "src": "./images-js/tiling/tiling-22.jpg",
  "alt": "blueberries"
},

{
  "src": "./images-js/tiling/tiling-23.jpg",
  "alt": "blueberries"
},

{
  "src": "./images-js/tiling/tiling-24.jpg",
  "alt": "blueberries"
}


      ]
    },
    {
      "name" : "Mountains",
      "images" : [
          {
            "src": "./images-js/roofpic/2.jpg",
            "alt": "Mountain scene"
          },
          {
            "src": "./images-js/roofpic/3.jpg",
            "alt": "Mountain scene"
          },
          {
            "src": "./images-js/roofpic/4.jpg",
            "alt": "Mountain scene"
          },
          {
            "src": "./images-js/roofpic/5.jpg",
            "alt": "Mountain scene"
          },
          {
            "src": "./images-js/roofpic/6.jpg",
            "alt": "Mountain scene"
          },
          {
            "src": "./images-js/roofpic/7.jpg",
            "alt": "Mountain scene"
          },
          {
            "src": "./images-js/roofpic/8.jpg",
            "alt": "Mountain scene"
          },
          {
            "src": "./images-js/roofpic/9.jpg",
            "alt": "Mountain scene"
          },
          {
            "src": "./images-js/roofpic/10.jpg",
            "alt": "Mountain scene"
          },
          {
            "src": "./images-js/roofpic/11.jpg",
            "alt": "Mountain scene"
          },
          {
            "src": "./images-js/roofpic/12.jpg",
            "alt": "Mountain scene"
          },
          {
            "src": "./images-js/roofpic/13.jpg",
            "alt": "Mountain scene"
          },
          {
            "src": "./images-js/roofpic/14.jpg",
            "alt": "Mountain scene"
          },
          {
            "src": "./images-js/roofpic/15.jpg",
            "alt": "Mountain scene"
          },
          {
            "src": "./images-js/roofpic/16.jpg",
            "alt": "Mountain scene"
          },
          {
            "src": "./images-js/roofpic/17.jpg",
            "alt": "Mountain scene"
          },
          {
            "src": "./images-js/roofpic/18.jpg",
            "alt": "Mountain scene"
          },
          {
            "src": "./images-js/roofpic/19.jpg",
            "alt": "Mountain scene"
          },
          {
            "src": "./images-js/roofpic/20.jpg",
            "alt": "Mountain scene"
          },
          {
            "src": "./images-js/roofpic/21.jpg",
            "alt": "Mountain scene"
          },
          {
            "src": "./images-js/roofpic/22.jpg",
            "alt": "Mountain scene"
          },
          {
            "src": "./images-js/roofpic/23.jpg",
            "alt": "Mountain scene"
          },
          {
            "src": "./images-js/roofpic/24.jpg",
            "alt": "Mountain scene"
          },
          {
            "src": "./images-js/roofpic/25.jpg",
            "alt": "Mountain scene"
          },
          {
            "src": "./images-js/roofpic/26.jpg",
            "alt": "Mountain scene"
          },
          {
            "src": "./images-js/roofpic/27.jpg",
            "alt": "Mountain scene"
          },
          {
            "src": "./images-js/roofpic/28.jpg",
            "alt": "Mountain scene"
          },
          {
            "src": "./images-js/roofpic/29.jpg",
            "alt": "Mountain scene"
          },
          {
            "src": "./images-js/roofpic/30.jpg",
            "alt": "Mountain scene"
          },
          {
            "src": "./images-js/roofpic/31.jpg",
            "alt": "Mountain scene"
          },
          {
            "src": "./images-js/roofpic/32.jpg",
            "alt": "Mountain scene"
          },
          {
            "src": "./images-js/roofpic/33.jpg",
            "alt": "Mountain scene"
          },
          {
            "src": "./images-js/roofpic/34.jpg",
            "alt": "Mountain scene"
          },
          {
            "src": "./images-js/roofpic/35.jpg",
            "alt": "Mountain scene"
          },
          {
            "src": "./images-js/roofpic/36.jpg",
            "alt": "Mountain scene"
          }
          
      ]
    },
    {
      "name" : "Plants",
      "images" : [
        {
          "src": "./images-js/slates /slate-2.jpg",
          "alt": "Mountain scene"
        },
        {
          "src": "./images-js/slates /slate-3.jpg",
          "alt": "Mountain scene"
        },
        {
          "src": "./images-js/slates /slate-4.jpg",
          "alt": "Mountain scene"
        },
        {
          "src": "./images-js/slates /slate-5.jpg",
          "alt": "Mountain scene"
        },
        {
          "src": "./images-js/slates /slate-6.jpg",
          "alt": "Mountain scene"
        },
        {
          "src": "./images-js/slates /slate-7.jpg",
          "alt": "Mountain scene"
        },
        {
          "src": "./images-js/slates/slate-8.jpg",
          "alt": "Mountain scene"
        }
      ]
    }
  ]